,Neutral CO2,Neutral NP,Nina CO2,Nina NP,Nino CO2,Nino NP
165E,0.008694403972287665,0.014409490667108033,0.041380401986003824,0.036836119304248724,0.006051056497017636,0.019083705504779593
170W,0.05969338575455911,0.04691730453539546,0.08931482165183115,0.06685208577379366,0.0282599092524606,0.024059346964978485
155W,0.08097019409786259,0.06522218220325529,0.09666812878976792,0.09204115300288823,0.05820796967999756,0.039624245838378175
140W,0.08996346075252971,0.08833326025057436,0.09792064370418216,0.1150540946760413,0.06704411854847135,0.059479867654437406
125W,0.08685282869813447,0.10435294691753483,0.08425218973560981,0.12752323469636487,0.07344529753970572,0.07580845347931865
110W,0.08018919092074923,0.11653305347206569,0.07948003481072283,0.13959914132927423,0.06933734760743218,0.08771060007764613
